No.,Despacho ,"Status
IMPI",Año de Registro,Proyecto,Tipo de registro de propiedad intelectual,Registro IMPI,Nombre,Estatus,Patente Otorgada,Razón Social,E Number,P Number
1,"Arochi, Marroquín & Lindner, S.C.",ABANDONADA,2014,2014,Patente,MX/a/2014/002667,CÁMARA DE SEGURIDAD INTERNA DE UN VEHÍCULO,ABANDONADA,,S.A. de C.V.,2012E00214  MX,2013P01050  MX
2,"Arochi, Marroquín & Lindner, S.C.",ABANDONADA,2014,2014,Patente,MX/a/2014/012682,ENCENDIDO INTELIGENTE,ABANDONADA,,S.A. de C.V.,2014E00790  MX,2014P03626  MX
3,"Arochi, Marroquín & Lindner, S.C.",ABANDONADA,2014,2014,Patente,MX/a/2014/012924,USO DEL MODELO POR INYECIÓN TÉRMICAMENTE CONDUCTIVA PARA DISIPACIÓN TÉRMICA APLICADA EN DISPOSITIVOS ELECTRÓNICOS,ABANDONADA,,S.A. de C.V.,2013E01525  MX,2014P03623  MX
4,"Arochi, Marroquín & Lindner, S.C.",ABANDONADA,2014,2014,Patente,MX/a/2014/013351,DISPOSITIVO DE ILUMINACIÓN ÓPTICO DE EDECTO TUNEL INFINITO,ABANDONADA,,S.A. de C.V.,2013E03709  MX,2014P05086  MX
5,"Arochi, Marroquín & Lindner, S.C.",ABANDONADA,2014,2014,Patente,MX/a/2014/013717,DETECCIÓN DE OBSTÁCULOS EN PUERTA LEVADIZA UTILIZANDO LA CÁMARA TRASERA EXISTENTE,ABANDONADA,,S.A. de C.V.,2012E00022  MX,2013P01051  MX
6,"Arochi, Marroquín & Lindner, S.C.",ABANDONADA,2014,2014,Patente,MX/a/2014/013831,MÉTODO PARA DETECTAR LUCES DE INTENSIDAD ALTA DE VEHÍCULOS OMITIENDO LUCES ROJAS,ABANDONADA,,S.A. de C.V.,2014E00789  MX,2014P01665  MX
7,"Arochi, Marroquín & Lindner, S.C.",ABANDONADA,2014,2014,Patente,MX/a/2014/015385,CONTROL SIN CONTACTO DE UN MÓDULO TELEMÁTICO,ABANDONADA,,S.A. de C.V.,2013E03548  MX,2014P03624  MX
8,"Arochi, Marroquín & Lindner, S.C.",ABANDONADA,2014,2014,Patente,MX/a/2014/015506,SISTEMA DE CONTROL DE ACCESO REMOTO PARA VEHÍCULOS ACTIVADOS POR GESTOS DACTILARES CON TECNOLOGÍA DE BOTONES SENSIBLES AL TACTO,ABANDONADA,,S.A. de C.V.,2013E03571  MX,2014P03625  MX
9,"Arochi, Marroquín & Lindner, S.C.",ABANDONADA,2014,2014,Patente,MX/a/2014/015718,"SISTEMA Y MÉTODO DE DETECCIÓN DE INFANTES EN UN VEHÍCULO, PARA EL CONTROL DE LOS CINTURONES DE SEGURIDAD",ABANDONADA,,S.A. de C.V.,2014E00504  MX,2014P06709  MX
10,"Arochi, Marroquín & Lindner, S.C.",ABANDONADA,2014,2014,Patente,MX/a/2014/015859,SISTEMA ANTIRROBO DE ESPEJOS EXTERIORES Y MÉTODO PARA ACTIVAR UN IDENTIFICADOR DE EVENTO DE ROBO DEL MISMO,ABANDONADA,,S.A. de C.V.,2013E02908  MX,2014P06707  MX
11,"Arochi, Marroquín & Lindner, S.C.",ABANDONADA,2014,2014,Patente,MX/a/2014/016093,SISTEMA PARA LA ESTIMACIÓN DE LAS EMISIONES DE GASES CONTAMINANTES DE UN MOTOR DE COMBUSTIÓN INTERNA DE UN VEHÍCULO AUTOMÓVIL,ABANDONADA,,S.A. de C.V.,2013E02825  MX,2014P06708  MX
12,"Arochi, Marroquín & Lindner, S.C.",ABANDONADA,2014,2014,Patente,MX/a/2014/016124,"SISTEMA DE PERMISOS DE RUTAS, ZONAS Y DESTINOS PARA VEHÍCULOS AUTO CONDUCIDOS",ABANDONADA,,S.A. de C.V.,2014E00411  MX,2014P06706  MX
13,"Arochi, Marroquín & Lindner, S.C.",ABANDONADA,2015,2014,Patente,MX/a/2015/002595,SISTEMA ANTIRROBO PARA RUEDAS CON SISTEMA DE PRESENCIA DE TUERCAS,ABANDONADA,,S.A. de C.V.,2013E03490  MX,2014P06222  MX
14,"Arochi, Marroquín & Lindner, S.C.",ABANDONADA,2015,2014,Patente,MX/a/2015/007445,ESCUDO PROTECTOR DE NEUMÁTICOS ,ABANDONADA,,S.A. de C.V.,2013E03406  MX,2014P06221  MX
15,"Arochi, Marroquín & Lindner, S.C.",ABANDONADA,2015,2014,Patente,MX/a/2015/008323,ELECTRODO CON UNA PELÍCULA CONDUCTORA Y TRANSPARENTE BASADA EN UN COMPUESTO SEMICONDUCTOR,ABANDONADA,,S.A. de C.V.,2014E00893  MX,2014P06190  MX
16,"Arochi, Marroquín & Lindner, S.C.",ABANDONADA,2015,2014,Patente,MX/a/2015/008324,INTERFAZ DE USUARIO DE CONTROL REMOTO,ABANDONADA,,S.A. de C.V.,2013E02793  MX,2014P06218  MX
17,"Arochi, Marroquín & Lindner, S.C.",ABANDONADA,2015,2014,Patente,MX/a/2015/008325,SISTEMA DE TRANSFERENCIA DE COMBUSTIBLE,ABANDONADA,,S.A. de C.V.,2013E02602  MX,2014P06217  MX
18,"Arochi, Marroquín & Lindner, S.C.",ABANDONADA,2015,2014,Patente,MX/a/2015/008326,TAPA DE PUNTERO COMO INDICADOR DE ADVERTENCIA,ABANDONADA,,S.A. de C.V.,2014E05950  MX,2015P02728  MX
19,"Arochi, Marroquín & Lindner, S.C.",ABANDONADA,2015,2014,Patente,MX/a/2015/008327,SISTEMA DE CONFIGURACIÓN DE VEHÍCULO POR COMUNICACIÓN DE CAMPO CERCANO.,ABANDONADA,,S.A. de C.V.,2013E03381  MX,2014P06300  MX
20,"Arochi, Marroquín & Lindner, S.C.",ABANDONADA,2015,2014,Patente,MX/a/2015/008328,SISTEMA DE LOCALIZADOR DE LLAVE,ABANDONADA,,S.A. de C.V.,2013E03918  MX,2014P06188  MX
21,"Arochi, Marroquín & Lindner, S.C.",ABANDONADA,2015,2015,Patente,MX/a/2015/007684,SISTEMA UNIVERSAL DE ALMACENAJE Y TRANSMISIÓN DE IDENTIFICACIONES RFID,ABANDONADA,,S.A. de C.V.,2013E03114  MX,2014P06189  MX
22,"Arochi, Marroquín & Lindner, S.C.",ABANDONADA,2015,2015,Patente,MX/a/2015/017722,SISTEMA DE ALERTA DE COLISIÓN DE VEHÍCULO,ABANDONADA,,S.A. de C.V.,2015E00057  MX,2015P06618  MX
23,"Arochi, Marroquín & Lindner, S.C.",ABANDONADA,2015,2015,Patente,MX/a/2015/017723,INDICADOR FLEXIBLE DE COLOR PARA TABLERO NEGRO,ABANDONADA,,S.A. de C.V.,2014E05949  MX,2015P06613  MX
24,"Arochi, Marroquín & Lindner, S.C.",OTORGADA,2015,2015,Patente,MX/a/2015/017725,INFORMACIÓN AUTOMÁTICA SOBRE SEÑALES DE ADVERTENCIA DE CUADRO DE INSTRUMENTOS,ACTIVA,MX360115,S.A. de C.V.,2014E06037  MX,2015P06614  MX
25,"Arochi, Marroquín & Lindner, S.C.",ABANDONADA,2015,2015,Patente,MX/a/2015/017726,SENSOR CAPATIVO VARIABLE PARA POSICIONAR EL PUNTERO DEL CUADRO DE INSTRUMENTOS USANDO UNA PLACA DE CIRCUITO VARIABLE,ABANDONADA,,S.A. de C.V.,2014E05632  MX,2015P06612  MX
26,"Arochi, Marroquín & Lindner, S.C.",ABANDONADA,2015,2015,Patente,MX/a/2015/017727,SISTEMA DE VISIÓN TRASERA DENTRO DE VEHÍCULO UTILIZANDO TECNOLOGÍA DE VISUALIZACIÓN CABEZA ARRIBA,ABANDONADA,,S.A. de C.V.,2015E02804  MX,2015P06616  MX
27,"Arochi, Marroquín & Lindner, S.C.",ABANDONADA,2015,2015,Patente,MX/a/2015/017728,SISTEMA DE REGISTRO DE MANEJO PERSONAL,ABANDONADA,,S.A. de C.V.,2014E01157  MX,2015P06609  MX
28,"Arochi, Marroquín & Lindner, S.C.",ABANDONADA,2015,2015,Patente,MX/a/2015/017729,SISTEMA DE AJUSTE DE VOLUMEN AUTOMÁTICO BASADO EN LA CONVERSACIÓN DE LOS PASAJEROS,ABANDONADA,,S.A. de C.V.,2014E05242  MX,2015P06611  MX
29,"Arochi, Marroquín & Lindner, S.C.",OTORGADA,2015,2015,Patente,MX/a/2015/017734,SISTEMA DE RETROALIMENTACIÓN CON LLAVE DE TECNOLÓGICA INALÁMBRICA,ACTIVA,MX359850,S.A. de C.V.,2014E06093  MX,2015P06615  MX
30,"Arochi, Marroquín & Lindner, S.C.",ABANDONADA,2016,2015,Patente,MX/a/2016/002454,DETECTOR DE LLAMDAS TELEFÓNICAS,ABANDONADA,,S.A. de C.V.,2013E03854  MX,2015P06608  MX
31,"Arochi, Marroquín & Lindner, S.C.",ABANDONADA,2016,2015,Patente,MX/a/2016/002456,CONECTOR FRONTAL OPTO-MAGNÉTICO,ABANDONADA,,S.A. de C.V.,2014E05067  MX,2015P06610  MX
32,"Arochi, Marroquín & Lindner, S.C.",ABANDONADA,2016,2015,Patente,MX/a/2016/002737,DETECCIÓN DE VEHÍCULO DE EMERGENCIA POR MEDIO DE ALERTAS DE RADIOFRECUENCIA DE VEHÍCULO A VEHÍCULO,ABANDONADA,,S.A. de C.V.,2014E06064  MX,2016P00100  MX
33,"Arochi, Marroquín & Lindner, S.C.",ABANDONADA,2016,2015,Patente,MX/a/2016/002834,DETECCIÓN TEMPRANA DE CHOQUE MEDIANTE SENSOR DE PRESIÓN DE MANO EN VOLANTE ,ABANDONADA,,S.A. de C.V.,2014E04420  MX,2015P06617  MX
34,"Arochi, Marroquín & Lindner, S.C.",ABANDONADA,2016,2015,Patente,MX/a/2016/003148,SISTEMA DE RECONOCIMIENTO DE CONDUCTOR,ABANDONADA,,S.A. de C.V.,2014E05928  MX,2016P00095  MX
35,"Arochi, Marroquín & Lindner, S.C.",ABANDONADA,2016,2015,Patente,MX/a/2016/003404,DETECTOR DE TEMPERATURA Y CO2,ABANDONADA,,S.A. de C.V.,2014E05985  MX,2016P00098  MX
36,"Arochi, Marroquín & Lindner, S.C.",ABANDONADA,2016,2015,Patente,MX/a/2016/003608,SISTEMA DE SEGURIDAD PARA VOLANTE BASADO EN SENSORES ELECTROMAGNÉTICOS,ABANDONADA,,S.A. de C.V.,2014E06984  MX,2016P00104  MX
37,"Arochi, Marroquín & Lindner, S.C.",ABANDONADA,2016,2015,Patente,MX/a/2016/003610,LUCES SECUNDARIAS DE FRENO,ABANDONADA,,S.A. de C.V.,2014E06781  MX,2016P00103  MX
38,"Arochi, Marroquín & Lindner, S.C.",ABANDONADA,2016,2015,Patente,MX/a/2016/003996,DETECCIÓN DE COLORES EN SEMAFORO Y ALERTA AL CONDUCTOR EN CASO DE QUE SE ENCUENTRE DISTRAÍDO,ABANDONADA,,S.A. de C.V.,2014E06417  MX,2016P00102  MX
39,"Arochi, Marroquín & Lindner, S.C.",ABANDONADA,2016,2015,Patente,MX/a/2016/003997,MALLA DE BLINDAJE TRANSPARENTE PARA JAULA FARADAY PARA PROTECCIÓN EMC (COMPATIBILIDAD ELECTROMAGNÉTICA DE PANTALLA),ABANDONADA,,S.A. de C.V.,2015E00317  MX,2016P00093  MX
40,"Arochi, Marroquín & Lindner, S.C.",ABANDONADA,2016,2015,Patente,MX/a/2016/004045,SOLICITUD DE DIAGNÓSTICO PREVENTIVO EN ETAPAS DE POTENCIA,ABANDONADA,,S.A. de C.V.,2014E00498  MX,2016P00096  MX
41,"Arochi, Marroquín & Lindner, S.C.",ABANDONADA,2016,2015,Patente,MX/a/2016/004154,SISTEMA DE DETECCIÓN PARA LA PREVENCIÓN DE GOLPES A MARCOTAS O PEQUEÑOS,ABANDONADA,,S.A. de C.V.,2014E06012  MX,2016P00099  MX
42,"Arochi, Marroquín & Lindner, S.C.",ABANDONADA,2016,2015,Patente,MX/a/2016/004258,SISTEMA DE COMUNICACIÓN VEHÍCULO-A-VEHÍCULO DE ESTACIONAMIENTO Y MÉTODO DEL MASIVO,ABANDONADA,,S.A. de C.V.,2014E06115  MX,2016P00101  MX
43,"Arochi, Marroquín & Lindner, S.C.",ABANDONADA,2016,2015,Patente,MX/a/2016/004456,"ALOJAMIENTO DE UNIDAD DE CONTROL DE MOTOR, PLÁSTICO.ALUMINIO SOBRE MOLDEAD Y TÉRMICAMENTE SELLADO",ABANDONADA,,S.A. de C.V.,2014E06944  MX,2016P00591  MX
44,"Arochi, Marroquín & Lindner, S.C.",ABANDONADA,2016,2016,Patente,MX/a/2016/012971,MÉTODO PARA CALCULAR LA ENTROPÍA DE UN BUS DE DATOS DE RED,ABANDONADA,,S.A. de C.V.,2014E00924  MX,2016P00097  MX
45,"Arochi, Marroquín & Lindner, S.C.",ABANDONADA,2016,2016,Patente,MX/a/2016/012972,CARCASA DE PLÁSTICO CON MALLA METÁLICA EMBEBIDA,ABANDONADA,,S.A. de C.V.,2015E05915  MX,2016P04027  MX
46,"Arochi, Marroquín & Lindner, S.C.",ABANDONADA,2016,2016,Patente,MX/a/2016/012973,EXHIBIDOR TRASERO DE VEHÍCULO PARA MÚLTIPLES INDICADORES,ABANDONADA,,S.A. de C.V.,2015E06211  MX,2016P04018  MX
47,"Arochi, Marroquín & Lindner, S.C.",ABANDONADA,2016,2016,Patente,MX/a/2016/012974,DISIPADOR DE CALOR DE CELDA DE PELTIER PARA UNIDAD DE CONTROL REMOTO,ABANDONADA,,S.A. de C.V.,2015E06328  MX,2016P04362  MX
48,"Arochi, Marroquín & Lindner, S.C.",ABANDONADA,2016,2016,Patente,MX/a/2016/012975,SOPORTE DE CARGA DE REPOSACABEZAS PARA DISPOSITIVOS INTELIGENTES,ABANDONADA,,S.A. de C.V.,2015E06472  MX,2016P04017  MX
49,"Arochi, Marroquín & Lindner, S.C.",ABANDONADA,2016,2016,Patente,MX/a/2016/012976,SISTEMA RECOLECTOR DE CALOR A PARTIR DE LÁMINA DE METAL PARA RECARGA DE BATERÍA DE VEHÍCULO,ABANDONADA,,S.A. de C.V.,2015E05916  MX,2016P04026  MX
50,"Arochi, Marroquín & Lindner, S.C.",ABANDONADA,2016,2016,Patente,MX/a/2016/012977,ENFRIADOR PARA TANQUE DE COMBUSTIBLE,ABANDONADA,,S.A. de C.V.,2014E05984  MX,2016P04023  MX
51,"Arochi, Marroquín & Lindner, S.C.",ABANDONADA,2016,2016,Patente,MX/a/2016/013228,SENSOR DE MEDICIÓN DE NIVEL DE AGUA,ABANDONADA,,S.A. de C.V.,2015E05917  MX,2016P04025  MX
52,"Arochi, Marroquín & Lindner, S.C.",ABANDONADA,2016,2016,Patente,MX/a/2016/013229,SISTEMA DE FRENADO BASADO EN EL DESINFLADO DEL NEUMÁTICO,ABANDONADA,,S.A. de C.V.,2015E06107  MX,2016P04021  MX
53,"Arochi, Marroquín & Lindner, S.C.",ABANDONADA,2016,2016,Patente,Mx/a/2016/013231,MÓDULOS DE CONECTIVIDAD INTERCAMBIABLE,ABANDONADA,,S.A. de C.V.,2015E05471  MX,2016P04028  MX
54,"Arochi, Marroquín & Lindner, S.C.",ABANDONADA,2016,2016,Patente,MX/a/2016/013232,MONITOREO DE CARGA Y SISTEMA DE BALANCEO DE CAJA DE CAMIÓN,ABANDONADA,,S.A. de C.V.,2016E00396  MX,2016P04016  MX
55,"Arochi, Marroquín & Lindner, S.C.",ABANDONADA,2016,2016,Patente,MX/a/2016/013310,ASEGURAMIENTO DE PUERTA ELÉCTRICA PARA NIÑOS UTILIZANDO UN CONTROL REMOTO FOB,ABANDONADA,,S.A. de C.V.,2015E06215  MX,2016P04019  MX
56,"Arochi, Marroquín & Lindner, S.C.",ABANDONADA,2016,2016,Patente,MX/a/2016/013313,MEDICIÓN DE CALIDAD DE COMBUSTIBLE BASADO EN DIVERSOS PARÁMETROS DEL AUTOMÓVIL,ABANDONADA,,S.A. de C.V.,2015E06074  MX,2016P04022  MX
57,"Arochi, Marroquín & Lindner, S.C.",ABANDONADA,2016,2016,Patente,MX/a/2016/013315,SISTEMA DE COMUNICACIÓN DE CARAVANAS DE VIAJE,ABANDONADA,,S.A. de C.V.,2016E00481  MX,2016P04015  MX
58,"Arochi, Marroquín & Lindner, S.C.",ABANDONADA,2016,2016,Patente,MX/a/2016/013318,SISTEMA INTELIGENTE DE ASIENTO TRASERO DOBLE,ABANDONADA,,S.A. de C.V.,2016E01433  MX,2016P04013  MX
59,"Arochi, Marroquín & Lindner, S.C.",ABANDONADA,2016,2016,Patente,MX/a/2016/013546,EXTENSIÓN DE LENGUAJE DE PROGRAMACIÓN PARA SEGURIDAD FUNCIONAL,ABANDONADA,,S.A. de C.V.,2015E05941  MX,2016P04024  MX
60,"Arochi, Marroquín & Lindner, S.C.",ABANDONADA,2017,2016,Patente,MX/a/2017/002334,SISTEMA OBD VIRTUAL PARA ANÁLISIS DE DATOS,ABANDONADA,,S.A. de C.V.,2016E00833  MX,2016P07781  MX
61,"Arochi, Marroquín & Lindner, S.C.",ABANDONADA,2017,2016,Patente,MX/a/2017/002521,ESTÍMULO VISUAL Y SENSORIAL PARA PERSONAS CON PROBLEMAS AUDITIVOS,ABANDONADA,,S.A. de C.V.,2015E07442  MX,2016P07784  MX
62,"Arochi, Marroquín & Lindner, S.C.",ABANDONADA,2017,2016,Patente,MX/a/2017/002522,SISTEMA DE IDENTIFICACIÓN DE LUCES AVERIADAS DE VEHÍCULO,ABANDONADA,,S.A. de C.V.,2015E07450  MX,2016P07782  MX
63,"Arochi, Marroquín & Lindner, S.C.",ABANDONADA,2017,2016,Patente,MX/a/2017/002523,"CONTROLADOR DE LADO BAJO CON CONTROL DE CORRIENTE AJUSTABLE, RECIRCULACIÓN DE ENERGÍA Y ALMACENAMIENTO",ABANDONADA,,S.A. de C.V.,2015E07224  MX,2016P07786  MX
64,"Arochi, Marroquín & Lindner, S.C.",ABANDONADA,2017,2016,Patente,MX/a/2017/002525,CÁLCULO DE LA RUTA MÁS EFECTIVA POR MEDIO DE DATOS DE TRÁFICO EN TIEMPO REAL DESDE UN VEHÍCULO AÉREO NO TRIPULADO,ABANDONADA,,S.A. de C.V.,2016E01483  MX,2016P07780  MX
65,"Arochi, Marroquín & Lindner, S.C.",ABANDONADA,2017,2016,Patente,MX/a/2017/002526,ASEGURAMIENTO DE RUEDAS,ABANDONADA,,S.A. de C.V.,2016E04635  MX,2016P07778  MX
66,"Arochi, Marroquín & Lindner, S.C.",ABANDONADA,2017,2016,Patente,MX/a/2017/002527,DETECCIÓN MULTI-USUARIO DE PERFIL INTELIGENTE,ABANDONADA,,S.A. de C.V.,2016E01674  MX,2016P07779  MX
67,"Arochi, Marroquín & Lindner, S.C.",ABANDONADA,2017,2016,Patente,MX/a/2017/002528,USO DE RECIRCULACIÓN DE ENERGÍA PARA ENFRIAMIENTO ,ABANDONADA,,S.A. de C.V.,2015E06343  MX,2016P07787  MX
68,"Arochi, Marroquín & Lindner, S.C.",ABANDONADA,2017,2017,Patente,MX/a/2017/002335,SISTEMA DE ALERTA DE OTROS CONDUCTORES CON HÁBITOS DE MANEJO PELIGROSOS,ABANDONADA,,S.A. de C.V.,2015E07292  MX,2016P07785  MX
69,"Arochi, Marroquín & Lindner, S.C.",ABANDONADA,2017,2017,Patente,MX/a/2017/015436,ASISTENCIA DE EMERGENCIA DE SALUD/MÉDICA PARA VEHÍCULOS AUTÓNOMOS,ABANDONADA,,S.A. de C.V.,2016E04664  MX,2017P06615  MX
70,"Arochi, Marroquín & Lindner, S.C.",ABANDONADA,2017,2017,Patente,MX/a/2017/015616,SISTEMA DE MONITOREO DE BAJO NIVEL DE COMBUSTIBLE,ABANDONADA,,S.A. de C.V.,2016E05660  MX,2017P06644  MX
71,"Arochi, Marroquín & Lindner, S.C.",ABANDONADA,2017,2017,Patente,MX/a/2017/015950,MEDIDOR RECONFIGURABLE DIGITAL/MECÁNICO,ABANDONADA,,S.A. de C.V.,2016E04599  MX,2017P06638  MX
72,"Arochi, Marroquín & Lindner, S.C.",ABANDONADA,2017,2017,Patente,MX/a/2017/015951,DIAGNÓSTICO A BORDO EN VEHÍCULO (OB2) A TRAVÉS DE SISTEMAS DE INFORMACIÓN Y ENTRETENIMIENTO ,ABANDONADA,,S.A. de C.V.,2016E05387  MX,2017P06642  MX
73,"Arochi, Marroquín & Lindner, S.C.",OTORGADA,2017,2017,Patente,MX/a/2017/015954,DEFENSA DE ATAQUE DE RETRANSMISIÓN UTILIZANDO MEDICIÓN DE TIEMPO DE PROPAGACIÓN  ,Otorgada,MX 382845 B,S.A. de C.V.,2016E06477  MX,2017P06649  MX
74,"Arochi, Marroquín & Lindner, S.C.",ABANDONADA,2017,2017,Patente,MX/a/2017/015956,GRABADORA DE DATOS DE EVENTOS V2X/C2X,Responder Oficio,,S.A. de C.V.,2016E06390  MX,2017P06651  MX
75,"Arochi, Marroquín & Lindner, S.C.",ABANDONADA,2017,2017,Patente,MX/a/2017/015957,FIBRA DE CARBONO ANTI ROBO Y PARA PROTECCIÓN DE VIDRIO DE VEHÍCULOS,ABANDONADA,,S.A. de C.V.,2016E07268  MX,2017P06653  MX
76,"Arochi, Marroquín & Lindner, S.C.",ABANDONADA,2017,2017,Patente,MX/a/2017/015978,SISTEMA ANTI ROBO PARA BATERÍAS DE AUTO HÍBRIDO,Activa,,S.A. de C.V.,2015E05252  MX,2017P06648  MX
77,"Arochi, Marroquín & Lindner, S.C.",ABANDONADA,2017,2017,Patente,MX/a/2017/016378,INDICADOR DE VELOCIDAD LÍMITE,ABANDONADA,,S.A. de C.V.,2016E05386  MX,2017P06641  MX
78,"Arochi, Marroquín & Lindner, S.C.",ABANDONADA,2017,2017,Patente,MX/a/2017/016380,SISTEMA DE DETECCIÓN DE AUTO PARTES QUE ESTÁN SIENDO ROBADAS A TRÁVES DE TECNOLOGÍA INALÁMBRICA DE CORTO ALCANCE (NFC),ABANDONADA,,S.A. de C.V.,2017E00232  MX,2017P06655  MX
79,"Arochi, Marroquín & Lindner, S.C.",ABANDONADA,2017,2017,Patente,MX/a/2017/016381,DISPOSITIVO AUTOMÁTICO PARA EL BLOQUEO DE TORNILLOS DE RUEDA,ABANDONADA,,S.A. de C.V.,2016E07794  MX,2017P06650  MX
80,"Arochi, Marroquín & Lindner, S.C.",ABANDONADA,2017,2017,Patente,MX/a/2017/016470,PRINCIPIO DE CAVITACIÓN PARA SISTEMA DE REFRIGERACIÓN AUTOMOTRIZ,ABANDONADA,,S.A. de C.V.,2016E05658  MX,2017P06645  MX
81,"Arochi, Marroquín & Lindner, S.C.",OTORGADA,2017,2017,Patente,MX/a/2017/016471,"REDUCCIÓN DE VELOCIDAD DE UN VEHÍCULO POR EL CONTROL AUTOMÁTICO DE LA PRESIÓN DE LOS NEUMÁTICOS, PARA REDUCIR ACCIDENTES CUANDO LOS FRENOS FALLAN",Otorgada,MX 374763 B,S.A. de C.V.,2017E00203  MX,2017P07304  MX
82,"Arochi, Marroquín & Lindner, S.C.",ABANDONADA,2017,2017,Patente,MX/a/2017/016473,"BUSCADOR DE CONTROL REMOTO TIPO LLAVERO, DENTRO DEL VEHÍCULO QUE UTILIZA UNA ARQUITECTURA ACTUALIZADA DE BAJA FRECUENCIA",ABANDONADA,,S.A. de C.V.,2016E06270  MX,2017P06652  MX
83,"Arochi, Marroquín & Lindner, S.C.",ABANDONADA,2017,2017,Patente,MX/a/2017/016474,CONTROL REMOTO TIPO LLAVERO QUE UTILIZA UN ENTORNO DE CAMPOS ELECTROMAGNÉTICOS,ABANDONADA,,S.A. de C.V.,2017E00224  MX,2017P06654  MX
84,"Arochi, Marroquín & Lindner, S.C.",ABANDONADA,2017,2017,Patente,MX/a/2017/016563,SISTEMA DE SEGURIDAD PARA PAGO EN GASOLINERA,ABANDONADA,,S.A. de C.V.,2016E04900  MX,2017P06640  MX
85,"Arochi, Marroquín & Lindner, S.C.",ABANDONADA,2018,2017,Patente,MX/a/2018/002748 ,SISTEMA DE ALARMA PARA LUCES DE CRUCE APAGADAS DURANTE LA CONDUCCIÓN DE NOCHE,ABANDONADA,,S.A. de C.V.,2016E07789  MX,2017P06661  MX
86,"Arochi, Marroquín & Lindner, S.C.",ABANDONADA,2018,2017,Patente,MX/a/2018/002749,CONTROL REMOTO TIPO LLAVERO DE COMUNICACIÓN DE CAMPO CERCANO ,ABANDONADA,,S.A. de C.V.,2017E00265  MX,2017P06665  MX
87,"Arochi, Marroquín & Lindner, S.C.",ABANDONADA,2018,2017,Patente,MX/a/2018/002750,ASIENTO APTO PARA MASCOTAS,ABANDONADA,,S.A. de C.V.,2017E00192  MX,2017P06664  MX
88,"Arochi, Marroquín & Lindner, S.C.",ABANDONADA,2018,2017,Patente,MX/a/2018/002751,TABLERO INTERACTIVO CON APLICACIONES,ABANDONADA,,S.A. de C.V.,2016E06394  MX,2017P06657  MX
89,"Arochi, Marroquín & Lindner, S.C.",ABANDONADA,2018,2017,Patente,MX/a/2018/002753,SISTEMA DE DESPLIEGUE DE VOLUMEN Y CALIDAD DE COMBUSTIBLE DE LLENADO,ABANDONADA,,S.A. de C.V.,2014E05986  MX,2017P06660  MX
90,"Arochi, Marroquín & Lindner, S.C.",ABANDONADA,2018,2017,Patente,MX/a/2018/002754,LUCES DE ADVERTENCIA DE ESTACIONADO,ABANDONADA,,S.A. de C.V.,2016E08068  MX,2017P06663  MX
91,"Arochi, Marroquín & Lindner, S.C.",ABANDONADA,2018,2017,Patente,MX/a/2018/002755,TABLETA DE PUESTA A PUNTO PARA SERVICIOS Y LIBRERÍAS DE MANOS LIBRES,ABANDONADA,,S.A. de C.V.,2016E05388  MX,2017P06659  MX
92,"Arochi, Marroquín & Lindner, S.C.",ABANDONADA,2018,2017,Patente,MX/a/2018/002756,ALERTA DE LUCES APAGADAS,Responder Oficio,,S.A. de C.V.,2016E08066  MX,2017P06662  MX
93,"Arochi, Marroquín & Lindner, S.C.",ABANDONADA,2018,2017,Patente,MX/a/2018/002757,SEGUIDOR DE SEGURIDAD DE ESTADO FÍSICO,ABANDONADA,,S.A. de C.V.,2016E06722  MX,2017P06658  MX
94,"Uhthoff, Gomez Vega & Uhthoff, S.C.",OTORGADA,2018,2018,Patente,MX/a/2018/013272,SISTEMA DE VISIBILIDAD ANGULAR TRASERA PARA VEHÍCULO,Activa,MX410848,S. de R.L. de C.V.,2015E06406  MX,2018P06137  MX
95,"Uhthoff, Gomez Vega & Uhthoff, S.C.",ABANDONADA,2018,2018,Patente,MX/a/2018/013355,DISPOSITIVO DE CONEXIÓN INTELIGENTE A TERMINAL DE BATERÍA,ABANDONADA,,S. de R.L. de C.V.,2014E06620  MX,2018P06123  MX
96,"Uhthoff, Gomez Vega & Uhthoff, S.C.",ABANDONADA,2018,2018,Patente,MX/a/2018/013357,SISTEMA AUTOMOTRIZ DE CONTROL DINÁMICO DE BOLSA DE AIRE Y CINTURÓN DE SEGURIDAD DE UN VEHÍCULO DURANTE ACCIDENTE,ABANDONADA,,S. de R.L. de C.V.,2015E05557  MX,2018P06136  MX
97,"Uhthoff, Gomez Vega & Uhthoff, S.C.",ABANDONADA,2018,2018,Patente,MX/a/2018/013359,SISTEMA ASISTIDO PARA INCORPORARSE AL TRÁFICO VEHICULAR,ABANDONADA,,S. de R.L. de C.V.,2015E04650  MX,2018P06135  MX
98,"Uhthoff, Gomez Vega & Uhthoff, S.C.",ABANDONADA,2018,2018,Patente,MX/a/2018/013360,SISTEMA DE FRENADO ELECTROMAGNÉTICO ENERGIZADO POR CALOR DE MOTOR,ABANDONADA,,S. de R.L. de C.V.,2016E00477  MX,2018P06139  MX
99,"Olivares y Compañía, S.C.",ABANDONADA,2018,2018,Patente,MX/a/2018/013968,INTERFAZ HOMBRE-MÁQUINA DE MOTOCICLETA CON BASE EN ÁNGULO DE INCLINACIÓN ,ABANDONADA,,S. de R.L. de C.V.,,
100,"Olivares y Compañía, S.C.",ABANDONADA,2018,2018,Patente,MX/a/2018/014241,SISTEMA DE DETECCIÓN DE OBJETOS DE TECHO DE AUTOMÓVIL,ABANDONADA,,S. de R.L. de C.V.,,
101,"Olivares y Compañía, S.C.",ABANDONADA,2018,2018,Patente,MX/a/2018/014242,CONTROL INTELIGENTE DE LUCES TRASERAS CUANDO SE DAÑAN,ABANDONADA,,S. de R.L. de C.V.,2016E06583  MX,2018P06643  MX
102,"Olivares y Compañía, S.C.",ABANDONADA,2018,2018,Patente,MX/a/2018/014243,DETECTOR DE GRITOS PARA ALERTAR AL CONDUCTOR EN EL INTERIOR DEL VEHÍCULO,ABANDONADA,,S. de R.L. de C.V.,2016E07018  MX,2018P06644  MX
103,"Olivares y Compañía, S.C.",ABANDONADA,2018,2018,Patente,MX/a/2018/014244,CONJUNTO DE CÁMARAS BAJO LOS ASIENTOS DE UN AUTOMÓVIL,ABANDONADA,,S. de R.L. de C.V.,2016E07190  MX,2018P06647  MX
104,"Uhthoff, Gomez Vega & Uhthoff, S.C.",ABANDONADA,2018,2018,Patente,MX/a/2018/015423,SISTEMA DE ILUMINACIÓN FRONTAL DE VEHÍCULO MOTORIZADO CON HAZ DE LUZ REDUCIDA,ABANDONADA,,S. de R.L. de C.V.,2017E00352  MX,2018P07351  MX
105,"Uhthoff, Gomez Vega & Uhthoff, S.C.",OTORGADA,2018,2018,Patente,MX/a/2018/015424,SISTEMA DE VISIBILIDAD ANGULAR PARA VEHÍCULO PARA CALLES PERPENDICULARES,Activa,MX413405,S. de R.L. de C.V.,2016E07197  MX,2018P07243  MX
106,"Uhthoff, Gomez Vega & Uhthoff, S.C.",ABANDONADA,2018,2018,Patente,MX/a/2018/015426,SISTEMA DE MONITOR Y PANTALLA PARA ASIENTO DE NIÑO,ABANDONADA,,S. de R.L. de C.V.,2016E08168  MX,2018P07348  MX
107,"Uhthoff, Gomez Vega & Uhthoff, S.C.",ABANDONADA,2018,2018,Patente,MX/a/2018/015427,DETECTOR DE DAÑOS DE VEHÍCULO,ABANDONADA,,S. de R.L. de C.V.,2017E00587  MX,2018P07352  MX
108,"Uhthoff, Gomez Vega & Uhthoff, S.C.",ABANDONADA,2018,2018,Patente,MX/a/2018/015428,SISTEMA DE GIMNASIO PARA AUTOMÓVIL,ABANDONADA,,S. de R.L. de C.V.,2017E00209  MX,2018P07350  MX
109,"Olivares y Compañía, S.C.",ABANDONADA,2018,2018,Patente,MX/a/2018/015616,INHIBICIÓN DE BÚSQUEDA DE DISPOSITIVOS ELÉCTRICOS UTILIZANDO EL SISTEMA PASE,Activa,,S. de R.L. de C.V.,2017E06947  MX,2018P07394  MX
110,"Olivares y Compañía, S.C.",ABANDONADA,2018,2018,Patente,MX/a/2018/015617,PRETENSIÓN DE CINTURÓN DE SEGURIDAD PARA SOPORTE DE POSTURAL DEL CUERPO HABILITADO POR PANTALLA,Activa,,S. de R.L. de C.V.,2017E08362  MX,2018P07399  MX
111,"Olivares y Compañía, S.C.",ABANDONADA,2018,2018,Patente,MX/a/2018/015752,PANTALLA DE INTRUMENTOS AUXILIAR CON FUENTE DE LUZ NATURAL,ABANDONADA,,S. de R.L. de C.V.,2017E06525  MX,2018P07385  MX
112,"Olivares y Compañía, S.C.",ABANDONADA,2018,2018,Patente,MX/a/2018/015753,SEGURIDAD PASIVA PARA VEHÍCULOS DE DOS Y TRES RUEDAS,ABANDONADA,,S. de R.L. de C.V.,2017E07190  MX,2018P07398  MX
113,"Olivares y Compañía, S.C.",ABANDONADA,2018,2018,Patente,MX/a/2018/015754,SISTEMA INALÁMBRICO DE CLAXÓN DE VEHÍCULO,ABANDONADA,,S. de R.L. de C.V.,2017E01339  MX,2018P07384  MX
114,"Olivares y Compañía, S.C.",ABANDONADA,2019,2018,Patente,MX/a/2019/001040,TACTIL DE FOB,ABANDONADA,,S. de R.L. de C.V.,2016E08065  MX,2018P07492  MX
115,"Olivares y Compañía, S.C.",ABANDONADA,2019,2018,Patente,MX/a/2019/001400,SISTEMA ANTI-SALPICADURAS,Activa,,S. de R.L. de C.V.,2017E08428  MX,2018P07487  MX
116,"Olivares y Compañía, S.C.",ABANDONADA,2019,2018,Patente,MX/a/2019/001474,ALERTA DE VEHÍCULO INTELIGENTE,Activa,,S. de R.L. de C.V.,2017E09791  MX,2018P07489  MX
117,"Olivares y Compañía, S.C.",OTORGADA,2019,2018,Patente,MX/a/2019/001736,SENSOR CAPACITIVO DE DEFORMIDAD DE CUERPO,Activa,MX 405072,S. de R.L. de C.V.,2017E09793  MX,2018P07490  MX
118,"Olivares y Compañía, S.C.",ABANDONADA,2019,2018,Patente,MX/a/2019/001926,MÉTODO DE RECUPERACIÓN DE ENERGÍA PARA INTERFAZ HOMBRE-MÁQUINA AUTOMOTRIZ,ABANDONADA,,S. de R.L. de C.V.,2017E06828  MX,2018P07491  MX
119,"Olivares y Compañía, S.C.",OTORGADA,2019,2018,Patente,MX/a/2019/001927,SISTEMA Y MÉTODO PARA EVITAR LA ACELERACIÓN DE VEHÍCULOS SOBRECARGADOS,Activa,MX 405966,S. de R.L. de C.V.,2017E08888  MX,2018P07488  MX
120,"Olivares y Compañía, S.C.",ABANDONADA,2019,2019,Patente,MX/a/2019/015510,CONTROL DE VOLCADURA MEDIANTE CONTRAPESO HIDRÁULICO,Activa,,S. de R.L. de C.V.,2018E10009  MX,2019P06741  MX
121,"Olivares y Compañía, S.C.",ABANDONADA,2019,2019,Patente,MX/a/2019/015718,SISTEMA DE RADIODIFUSIÓN DE DATOS-MÉTODO DE BÚSQUEDA Y SISTEMA DE LISTA DE REPRODUCCIÓN,Activa,,S. de R.L. de C.V.,2018E09381  MX,2019P06730  MX
122,"Olivares y Compañía, S.C.",ABANDONADA,2019,2019,Patente,MX/a/2019/015719,SISTEMA DE NAVEGACIÓN PARA AUTOMÓVILES CON REALIDAD AUMENTADA UTILIZANDO PARABRISAS TIPO PANTALLA,Activa,,S. de R.L. de C.V.,2018E09158  MX,2019P06727  MX
123,"Olivares y Compañía, S.C.",ABANDONADA,2019,2019,Patente,MX/a/2019/015720,SISTEMA DE NOTIFICACIÓN DE RUTA DE VEHÍCULO DE EMERGENCIA BASADO EN GPS,Activa,,S. de R.L. de C.V.,2018E07952  MX,2019P06701  MX
124,"Olivares y Compañía, S.C.",ABANDONADA,2019,2019,Patente,MX/a/2019/015722,DIAGNÓSTICOS INTELIGENTES,Activa,,S. de R.L. de C.V.,2018E07834  MX,2019P06700  MX
125,"Olivares y Compañía, S.C.",ABANDONADA,2019,2019,Patente,MX/a/2019/015724,SISTEMA DE PREVENCIÓN DE QUEMACOCOS PARA CONDICIONES CLIMÁTICAS ADVERSAS,Activa,,S. de R.L. de C.V.,2018E07129  MX,2019P06698  MX
126,"Olivares y Compañía, S.C.",ABANDONADA,2019,2019,Patente,MX/a/2019/015725,TRIANGULACIÓN DE TELÉFONO INTELIGENTE DENTRO DE LA CABINA,Activa,,S. de R.L. de C.V.,2018E06233  MX,2019P06696  MX
127,"Olivares y Compañía, S.C.",ABANDONADA,2019,2019,Patente,MX/a/2019/015727,DESBLOQUEO SELECTIVO PARA FUNCIONES DE INFOENTRETENIMIENTO,Activa,,S. de R.L. de C.V.,2018E07349  MX,2019P06699  MX
128,"Olivares y Compañía, S.C.",ABANDONADA,2019,2019,Patente,MX/a/2019/015737,MECANISMO DE ATENUACIÓN DE LA LUZ AZUL PARA REDUCIR FOTO ESTRÉS EN CONDUCTORES,Activa,,S. de R.L. de C.V.,2018E09382  MX,2019P06731  MX
129,"Olivares y Compañía, S.C.",ABANDONADA,2019,2019,Patente,MX/a/2019/015739,CORRECCIÓN DE CARPETA ASFÁLTICA AUTOMATIZADA,Activa,,S. de R.L. de C.V.,2018E09572  MX,2019P06732  MX
130,"Olivares y Compañía, S.C.",ABANDONADA,2019,2019,Patente,MX/a/2019/015746,SISTEMA INDICADOR DE LUZ DE FRENO - CONTROL DE ESTATUS DEL CARRO,Activa,,S. de R.L. de C.V.,2018E09324  MX,2019P06729  MX
131,"Olivares y Compañía, S.C.",ABANDONADA,2019,2019,Patente,MX/a/2019/015749,SISTEMA BASADO EN UNA APLICACIÓN PARA LA GESTIÓN NATIVA DE MANTENIMIENTO DE AUTOS,Activa,,S. de R.L. de C.V.,2018E08780  MX,2019P06705  MX
132,"Olivares y Compañía, S.C.",ABANDONADA,2019,2019,Patente,MX/a/2019/015750,SISTEMA DE FOTO CAPTURA (SFC),Activa,,S. de R.L. de C.V.,2018E08132  MX,2019P06706  MX
133,"Olivares y Compañía, S.C.",ABANDONADA,2019,2019,Patente,MX/a/2019/015751,ENCENDIDO DE MOTOR MEDIANTE RECONOCIMIENTO FACIAL,Activa,,S. de R.L. de C.V.,2018E08099  MX,2019P06702  MX
134,"Olivares y Compañía, S.C.",ABANDONADA,2020,2019,Patente,MX/a/2020/000852,SISTEMA IOT PARA VERIFICAR FLUIDOS ESENCIALES EN UN AUTOMÓVIL CONECTADO CON V2X,Activa,,S. de R.L. de C.V.,2018E10025  MX,2019P06742  MX
135,"Olivares y Compañía, S.C.",ABANDONADA,2020,2019,Patente,MX/a/2020/000912,ASISTENCIA DE EMERGENCIA PARA PEATONES,Activa,,S. de R.L. de C.V.,2018E08043  MX,2019P06703  MX
136,"Olivares y Compañía, S.C.",ABANDONADA,2020,2019,Patente,MX/a/2020/000913,IDENTIFICACIÓN DE LADRONES DE AUTOMÓVIL A TRAVÉS DE RECONOCIMIENTO POR REDES SOCIALES,Activa,,S. de R.L. de C.V.,2018E08229  MX,2019P06704  MX
137,"Olivares y Compañía, S.C.",ABANDONADA,2020,2019,Patente,MX/a/2020/001239,SISTEMA DE SEGURIDAD A BORDO DEL VEHÍCULO,Activa,,S. de R.L. de C.V.,2018E09004  MX,2019P06723  MX
138,"Olivares y Compañía, S.C.",ABANDONADA,2020,2019,Patente,MX/a/2020/001240,SISTEMA DE LOCALIZACIÓN DE CAJONES DE ESTACIONAMIENTO PARA UNIDADES DE INFOENTRETENIMINETO,Activa,,S. de R.L. de C.V.,2018E09074  MX,2019P06726  MX
139,"Olivares y Compañía, S.C.",ABANDONADA,2020,2019,Patente,Mx/a/2020/001241,SISTEMA INTELIGENTE DE ALERTA ANTI-ROBO,Activa,,S. de R.L. de C.V.,2018E09004  MX,2019P06723  MX
140,"Olivares y Compañía, S.C.",OTORGADA,2020,2019,Patente,MX/a/2020/001242,DETECCIÓN AUTOMÁTICA DE COLOR DE ESTACIONAMIENTO Y RECORDATORIO CON LED EN LLAVE DE AUTOMÓVIL,Activa,MX 409030,S. de R.L. de C.V.,2018E09219  MX,2019P06734  MX
141,"Olivares y Compañía, S.C.",ABANDONADA,2020,2019,Patente,MX/a/2020/001243,HERRAMIENTA PARA REMOCIÓN SIMPLE DE NEUMÁTICO,Activa,,S. de R.L. de C.V.,2018E09220  MX,2019P06735  MX
142,"Olivares y Compañía, S.C.",ABANDONADA,2020,2019,Patente,MX/a/2020/001244,COMUNICACIÓN DE LUZ VISIBLE (VLC) PARA FARO DE VEHÍCULO,Activa,,S. de R.L. de C.V.,2018E09763  MX,2019P06738  MX
143,"Olivares y Compañía, S.C.",OTORGADA,2020,2019,Patente,MX/a/2020/001246,MAPEO DE PRESIÓN DE CÁMARA DE AIRE DE NEUMÁTICO UTILIZANDO MEDIDORES ,Activa,MX 413953,S. de R.L. de C.V.,2018E09946  MX,2019P06739  MX
144,"Olivares y Compañía, S.C.",ABANDONADA,2020,2019,Patente,MX/a/2020/001247,ACTIVACIÁN INTELIGENTE DE LLAVERO,Activa,,S. de R.L. de C.V.,2018E10003  MX,2019P06740  MX
145,"Olivares y Compañía, S.C.",ABANDONADA,2020,2019,Patente,MX/a/2020/001249,MEDICIÓN Y AVISO DE DISTRIBUCIÓN DE CARGA,Activa,,S. de R.L. de C.V.,2019E00086  MX,2019P06743  MX
146,"Olivares y Compañía, S.C.",ABANDONADA,2020,2020,Patente,MX/a/2020/013432,FUSIÓN DE IMÁGENES PARA LA DETECCIÓN DE LUGARES DE APARCAMIENTO,Activa,,S. de R.L. de C.V.,2018E09387  MX,2020P04256  MX
147,"Olivares y Compañía, S.C.",ABANDONADA,2020,2020,Patente,MX/a/2020/013433,INDICADOR DE TRANSMISIÓN DE ACEITE,Activa,,S. de R.L. de C.V.,2019E00002  MX,2020P04268  MX
148,"Olivares y Compañía, S.C.",ABANDONADA,2020,2020,Patente,MX/a/2020/013434,CONTROL DE CRUCERO ÁGIL,Activa,,S. de R.L. de C.V.,2018E09964  MX,2020P04265  MX
149,"Olivares y Compañía, S.C.",ABANDONADA,2020,2020,Patente,MX/a/2020/013435,SISTEMA DE INFORMACIÓN COMUNITARIA PARA AUTOS EN CARRETERA,Activa,,S. de R.L. de C.V.,2019E00128  MX,2020P04983  MX
150,"Olivares y Compañía, S.C.",ABANDONADA,2020,2020,Patente,MX/a/2020/013436,DETECCIÓN DE OBJETOS EN EL MALETERO,Activa,,S. de R.L. de C.V.,2019E00134  MX,2020P04986  MX
151,"Olivares y Compañía, S.C.",ABANDONADA,2020,2020,Patente,MX/a/2020/013475,CÁMARA INTELIGENTE PREVENTIVA PARA LUZ ROJA DE SEMÁFOROS,Activa,,S. de R.L. de C.V.,2018E09495  MX,2020P04258  MX
152,"Olivares y Compañía, S.C.",ABANDONADA,2020,2020,Patente,MX/a/2020/013476,AJUSTE INTERIOR AUTOMÁTICO DE VEHÍCULO SEGÚN LA FISIOLOGÍA DEL CONDUCTOR,Activa,,S. de R.L. de C.V.,2018E09444  MX,2020P04257  MX
153,"Olivares y Compañía, S.C.",ABANDONADA,2020,2020,Patente,MX/a/2020/013477,SEÑALIZACIÓN DE ALERTA INTERIOR PARA OBJETOS QUE SE APROXIMAN,Activa,,S. de R.L. de C.V.,2018E09611  MX,2020P04260  MX
154,"Olivares y Compañía, S.C.",ABANDONADA,2020,2020,Patente,MX/a/2020/013478,SISTEMA INTELIGENTE PARA RECONOCIMIENTO DE COMPORTAMIENTO DE MANEJO INUSUAL,Activa,,S. de R.L. de C.V.,2018E09497  MX,2020P04259  MX
155,"Olivares y Compañía, S.C.",ABANDONADA,2020,2020,Patente,MX/a/2020/013479,TRADUCTOR UNIVERSAL DE ACOPLAMIENTO DE TRACTOR,Activa,,S. de R.L. de C.V.,2019E06881  MX,2020P04991  MX
156,"Olivares y Compañía, S.C.",ABANDONADA,2020,2020,Patente,MX/a/2020/013480,VEHÍCULO SEMIAUTÓNOMO DE EMERGENCIA,Activa,,S. de R.L. de C.V.,2019E00127  MX,2020P04267  MX
157,"Olivares y Compañía, S.C.",ABANDONADA,2020,2020,Patente,MX/a/2020/013488,FUNCIÓN Y CONFIGURACIÓN DE EMERGENCIA PARA VEHÍCULOS CIVILES AUTÓNOMOS,Activa,,S. de R.L. de C.V.,2019E08747  MX,2020P04993  MX
158,"Olivares y Compañía, S.C.",ABANDONADA,2020,2020,Patente,MX/a/2020/013496,OPTIMIZACIÓN DE TRAYECTORIA PARA EVITAR EMBOTELLAMIENTOS,Activa,,S. de R.L. de C.V.,2018E09765  MX,2020P04261  MX
159,"Olivares y Compañía, S.C.",ABANDONADA,2020,2020,Patente,MX/a/2020/013500,SISTEMA DE ESTACIONAMIENTO SEGURO PARA LA PREVENCIÓN DE ROBOS DE VEHÍCULOS,Activa,,S. de R.L. de C.V.,2018E09950  MX,2020P04263  MX
160,"Olivares y Compañía, S.C.",OTORGADA,2021,2020,Patente,MX/a/2021/000592,DISIPACIÓN DE CALOR INTERIOR,Activa,,S. de R.L. de C.V.,2018E10023  MX,2020P04266  MX
161,"Olivares y Compañía, S.C.",ABANDONADA,2021,2020,Patente,MX/a/2021/000593,REDUCCIÓN DE RUIDO DE PARTÍCULAS PARA SENSOR HFL,Activa,,S. de R.L. de C.V.,2018E09888  MX,2020P04262  MX
162,"Olivares y Compañía, S.C.",ABANDONADA,2021,2020,Patente,MX/a/2021/000594,PANTALLA UNIVERSAL PARA IMPLEMENTOS DE TRACTOR,Activa,,S. de R.L. de C.V.,2019E08748  MX,2020P04994  MX
163,"Olivares y Compañía, S.C.",ABANDONADA,2021,2020,Patente,MX/a/2021/000618,ENVÍO DE DESGASTE DE PARTES DE TRACTOR,Activa,,S. de R.L. de C.V.,2019E06988  MX,2020P04992  MX
164,"Olivares y Compañía, S.C.",ABANDONADA,2021,2020,Patente,MX/a/2021/000619,FUNCIÓN DE REBASE DE SEGURIDAD ,Activa,,S. de R.L. de C.V.,2019E01103  MX,2020P04990  MX
165,"Olivares y Compañía, S.C.",PENDIENTE,2021,2020,Patente,MX/a/2021/000967,SISTEMA PREVENTIVO DE PUERTAS PARA EVITAR ACCIDENTES EN LOS DEDOS DE LAS MANOS ,Activa,,S. de R.L. de C.V.,2019E01039  MX,2020P04989  MX
166,"Olivares y Compañía, S.C.",ABANDONADA,2021,2020,Patente,MX/a/2021/000968,COMPLEMENTO DE MAPAS DE NAVEGACIÓN PARA VEHÍCULOS,Activa,,S. de R.L. de C.V.,2019E00126  MX,2020P04270  MX
167,"Olivares y Compañía, S.C.",OTORGADA,2021,2020,Patente,MX/a/2021/000970,SISTEMAS DE SECUENCIA DE APARCAMIENTO CORRECTO,Activa,,S. de R.L. de C.V.,2020E00642  MX,2020P04995  MX
168,"Olivares y Compañía, S.C.",PENDIENTE,2021,2020,Patente,MX/a/2021/001325,SISTEMA DE RECONOCIMIENTO FACIAL Y DE CÓDIGO PARA MOTOCICLISTAS,Activa,,S. de R.L. de C.V.,2019E00130  MX,2020P04984  MX
169,"Olivares y Compañía, S.C.",ABANDONADA,2021,2020,Patente,MX/a/2021/001327 ,SISTEMA PARA AJUSTE DE TEMPERATURA DE ASIENTO PARA BEBÉ ,Activa,,S. de R.L. de C.V.,2019E00131  MX,2020P04985  MX
170,"Olivares y Compañía, S.C.",ABANDONADA,2021,2020,Patente,MX/a/2021/001329 ,SISTEMA PARA RECUPERAR OBJETOS PERDIDOS BAJO LOS ASIENTOS,Activa,,S. de R.L. de C.V.,2019E00723  MX,2020P04988  MX
171,"Olivares y Compañía, S.C.",OTORGADA,2021,2020,Patente,MX/a/2021/001330,SISTEMA DE LA ALARMA DE DISTANCIA MÍNIMA A ALTA VELOCIDAD,Activa,MX 418947,S. de R.L. de C.V.,2019E00251  MX,2020P04987  MX
172,"Olivares y Compañía, S.C.",ABANDONADA,2021,2021,Patente,MX/a/2021/015204,MÁQUINA DE ESTUDIO DE CAMBIO DE COLOR,Activa,,S. de R.L. de C.V.,2018E08234  MX,2021P05208  MX
173,"Olivares y Compañía, S.C.",ABANDONADA,2021,2021,Patente,MX/a/2021/015206,SISTEMA DE ENGANCHE PORTÁTIL E INTERCAMBIABLE,Activa,,S. de R.L. de C.V.,2018E09886  MX,2021P05262  MX
174,"Olivares y Compañía, S.C.",ABANDONADA,2021,2021,Patente,MX/a/2021/015209,AJUSTE DINÁMICO DE LOS PARÁMETROS DEL AUTOMÓVIL A TRAVÉS DE LA ACÚSTICA PREDICTIVA DE IA DETECCIÓN AMBIENTAL,Activa,,S. de R.L. de C.V.,2018E08704  MX,2021P05249  MX
175,"Olivares y Compañía, S.C.",ABANDONADA,2021,2021,Patente,MX/a/2021/015257,DETECCIÓN DE BURBUJAS DE AIRE EN LÍQUIDO DE FRENOS HIDRÁULICOS.,Activa,,S. de R.L. de C.V.,2018E08781  MX,2021P05266  MX
176,"Olivares y Compañía, S.C.",PENDIENTE,2021,2021,Patente,MX/a/2021/015260,MÉTODO DE DISEÑO DE INSPECCIÓN DE HARDWARE DE ROBUSTEZ.,Activa,,S. de R.L. de C.V.,2018E08891  MX,2019P06722  MX
177,"Olivares y Compañía, S.C.",PENDIENTE,2021,2021,Patente,MX/a/2021/015261,DOCTOR A BORDO,Activa,,S. de R.L. de C.V.,2018E09060  MX,2021P05246  MX
178,"Olivares y Compañía, S.C.",ABANDONADA,2021,2021,Patente,MX/a/2021/015280,MOSTRAR INFORMACIÓN A OTROS CONDUCTORES A TRAVÉS DE UNA PANTALLA DE VISUALIZACIÓN FRONTAL,Activa,,S. de R.L. de C.V.,2018E09607  MX,2021P05251  MX
179,"Olivares y Compañía, S.C.",PENDIENTE,2021,2021,Patente,MX/a/2021/015281,ASISTENCIA DE REALIDAD AUMENTADA PARA SISTEMA GLOBAL DE POSICIONAMIENTO PARA AUTOMÓVIL,Activa,,S. de R.L. de C.V.,2019E03847  MX,2021P05256  MX
180,"Olivares y Compañía, S.C.",PENDIENTE,2021,2021,Patente,MX/a/2021/015282,SISTEMA AUTOMÁTICO DE REPARACIÓN DE CARROCERÍAS.,Activa,,S. de R.L. de C.V.,2020E04782  MX,2021P05259  MX
181,"Olivares y Compañía, S.C.",ABANDONADA,2021,2021,Patente,MX/a/2021/015396,SEÑALES DE TRÁFICO REFLEJADAS,Activa,,S. de R.L. de C.V.,2018E08540  MX,2021P05242  MX
182,"Olivares y Compañía, S.C.",ABANDONADA,2021,2021,Patente,MX/a/2021/015398,ACTIVACIÓN AUTOMATIZADA DE CONTROL DE VELOCIDAD BASADA EN NIVELES DE INATENCIÓN,Activa,,S. de R.L. de C.V.,2018E08846  MX,2021P05248  MX
183,"Olivares y Compañía, S.C.",ABANDONADA,2021,2021,Patente,MX/a/2021/015430,INDICADOR DE NIVEL DE BATERÍA ELECTRÓNICO PREDICTIVO,Activa,,S. de R.L. de C.V.,2018E09528  MX,2021P05244  MX
184,"Olivares y Compañía, S.C.",ABANDONADA,2021,2021,Patente,MX/a/2021/015431,DISPOSITIVO AUTOMOVILÍSTICO TRES EN UNO,Activa,,S. de R.L. de C.V.,2018E09817  MX,2021P05252  MX
185,"Olivares y Compañía, S.C.",ABANDONADA,2021,2021,Patente,MX/a/2021/015434,INDICADOR DE VELOCIDAD DE TRÁFICO CRUZADO FRONTAL,Activa,,S. de R.L. de C.V.,2018E09883  MX,2021P05253  MX
186,"Olivares y Compañía, S.C.",ABANDONADA,2021,2021,Patente,MX/a/2021/015435,SISTEMA HUD COMPLETAMENTE SIMPLIFICADO Y COMPACTO,Activa,,S. de R.L. de C.V.,2019E01870  MX,2021P05264  MX
187,"Olivares y Compañía, S.C.",ABANDONADA,2021,2021,Patente,MX/a/2021/015436,COPILOTO VIRTUAL,Activa,,S. de R.L. de C.V.,2019E06193  MX,2021P05257  MX
188,"Olivares y Compañía, S.C.",ABANDONADA,2021,2021,Patente,MX/a/2021/015437,MONITOREO DE SALUD EN EL AUTOMÓVIL,Activa,,S. de R.L. de C.V.,2018E09068  MX,2021P06844  MX
189,"Olivares y Compañía, S.C.",ABANDONADA,2021,2021,Patente,MX/a/2021/016132,SISTEMA DE SEGUIMIENTO ENTRE VEHÍCULOS,Activa,,S. de R.L. de C.V.,2019E00183  MX,2021P05254  MX
190,"Olivares y Compañía, S.C.",ABANDONADA,2022,2021,Patente,MX/a/2022/000757,ASISTENCIA SEMIAUTÓNOMA EN CONGESTIONAMIENTOS DE TRÁFICO,Activa,,S. de R.L. de C.V.,2019E01449  MX,2021P05255  MX
191,"Olivares y Compañía, S.C.",PENDIENTE,2022,2021,Patente,MX/a/2022/001366,SISTEMA DE DETECCIÓN DE MOTOCICLETA,Activa,,S. de R.L. de C.V.,2018E08573  MX,2021P05250  MX
192,"Olivares y Compañía, S.C.",PENDIENTE,2022,2021,Patente,MX/a/2022/001367,SISTEMA DETECTOR DE NIVEL DE OXÍGENO DENTRO DE VEHÍCULOS,Activa,,S. de R.L. de C.V.,2018E09005  MX,2021P05247  MX
193,"Olivares y Compañía, S.C.",PENDIENTE,2022,2021,Patente,MX/a/2022/001368,SISTEMA DE AJUSTE DE REPOSACABEZAS AUTOMATIZADO,Activa,,S. de R.L. de C.V.,2018E09276  MX,2021P05245  MX
194,"Olivares y Compañía, S.C.",PENDIENTE,2022,2021,Patente,MX/a/2022/001370,SISTEMA DE DETECCIÓN DE TELÉFONO CELULAR,Activa,,S. de R.L. de C.V.,2018E09885  MX,2021P05261  MX
195,"Olivares y Compañía, S.C.",PENDIENTE,2022,2021,Patente,MX/a/2022/001371,SISTEMA DE DETECCIÓN DE BANDA DE RODADURA DE NEUMÁTICOS,Activa,,S. de R.L. de C.V.,2018E10027  MX,2021P05263  MX
196,"Olivares y Compañía, S.C.",PENDIENTE,2022,2021,Patente,MX/a/2022/001372,SISTEMA DE TRANSFERENCIA DE DATOS CON SENSORES LIDAR,Activa,,S. de R.L. de C.V.,2018E09574  MX,2021P05260  MX
197,"Olivares y Compañía, S.C.",PENDIENTE,2022,2021,Patente,MX/a/2022/001373,SISTEMA AUTOMÁTICO DE ACTIVACIÓN DE LUCES DIRECCIONALES CON BASE EN GESTOS DE UN CONDUCTOR,Activa,,S. de R.L. de C.V.,2018E08847  MX,2022P00028  MX
198,"Olivares y Compañía, S.C.",PENDIENTE,2022,2022,Patente,MX/a/2022/016400,SENSOR DE TEMPERATURA DE ASIENTO TRASERO ,Activa,,S. de R.L. de C.V.,2018E09955 MX,2022P05957  MX
199,"Olivares y Compañía, S.C.",PENDIENTE,2022,2022,Patente,MX/a/2022/016401,INDICADOR DE SELECCIÓN DE DISPOSITIVO DE ENTRADA PARA CONDUCTOR  ,Activa,,S. de R.L. de C.V.,2021E05376  MX,2022P05967  MX
200,"Olivares y Compañía, S.C.",PENDIENTE,2022,2022,Patente,MX/a/2022/016417,"UTILIZACIÓN DEL EFECTO VORTEX PARA GENERACIÓN 
DE ENERGÍA EN VEHÍCULOS",Activa,,S. de R.L. de C.V.,2021E03414  MX,2022P05964  MX
201,"Olivares y Compañía, S.C.",PENDIENTE,2022,2022,Patente,MX/a/2022/016420,ASIENTO DE COMPENSACIÓN Y EQUILIBRIO ADAPTATIVO,Activa,,S. de R.L. de C.V.,2020E03550  MX,2022P05962  MX
202,"Olivares y Compañía, S.C.",PENDIENTE,2022,2022,Patente,MX/a/2022/016424,SISTEMA INTELIGENTE DE MONITOREO DE USUARIOS ,Activa,,S. de R.L. de C.V.,2020E03286  MX,2022P05960  MX
203,"Olivares y Compañía, S.C.",ABANDONADA,2022,2022,Patente,MX/a/2022/016429,"PERFIL DE JUEGO MULTIJUGADOR VÍA BLUETOOTH DE BAJO 
CONSUMO DE ENERGÍA ",Activa,,S. de R.L. de C.V.,2019E01581  MX,2022P05958  MX
204,"Olivares y Compañía, S.C.",PENDIENTE,2022,2022,Patente,MX/a/2022/016486,"SISTEMA DE ASIENTO DE VEHÍCULO CON SENSORES DE FIBRA OPTICA 
DISTRIBUIDOS ",Activa,,S. de R.L. de C.V.,2019E07668  MX,2022P05959  MX
205,"Olivares y Compañía, S.C.",ABANDONADA,2022,2022,Patente,MX/a/2022/016488,CARRITO DE COMPRAS AUTONOMO INTEGRADO EN VEHÍCULOS ,Activa,,S. de R.L. de C.V.,2020E03408  MX,2022P05961  MX
206,"Olivares y Compañía, S.C.",OTORGADA,2022,2022,Patente,MX/a/2022/016489,"ALGORITMO CRIPTOGRÁFICO PARA EMULAR OPERACIONES DE CIFRADO 
SIN CONOCIMIENTO DEL VALOR DE LA LLAVE Y/O DE LA 
IMPLEMENTACIÓN INTERNA ",Activa,,S. de R.L. de C.V.,2021E01341  MX,2022P05963  MX
207,"Olivares y Compañía, S.C.",PENDIENTE,2022,2022,Patente,MX/a/2022/016490,"ENTORNO DE ESTADO DE ÁNIMO VERSÁTIL PARA 
VEHÍCULOS AUTÓNOMOS ",Activa,,S. de R.L. de C.V.,2021E05215  MX,2022P05965  MX
208,"Olivares y Compañía, S.C.",PENDIENTE,2022,2022,Patente,MX/a/2022/016540,SISTEMA DE PROTECCIÓN DE PUERTAS CONTRA GOLPES DE VEHÍCULOS ADYACENTES  ,Activa,,S. de R.L. de C.V.,2021E07150  MX,2022P05966  MX
209,"Olivares y Compañía, S.C.",ABANDONADA,2023,2022,Patente,MX/a/2023/001710,ALERTA DE INUNDACIONES PARA AUTOMÓVILES,Activa,,S. de R.L. de C.V.,2021E07567  MX,2022P05968  MX
210,"Olivares y Compañía, S.C.",ABANDONADA,2023,2022,Patente,MX/a/2023/001711,AIRE ACONDICIONADO PERSONALIZADO,Activa,,S. de R.L. de C.V.,2021E08003  MX,2022P05970  MX
211,"Olivares y Compañía, S.C.",ABANDONADA,2023,2022,Patente,MX/a/2023/001712,CARGADOR PUNTO A PUNTO DE VEHÍCULOS ELÉCTRICOS,Activa,,S. de R.L. de C.V.,2021E08004  MX,2022P05971 MX
212,"Olivares y Compañía, S.C.",ABANDONADA,2023,2022,Patente,MX/a/2023/001713,"ESPEJOS RETROVISORES, RETROVISORES Y RETROVISORES POLARIZADOS ADAPTATIVOS ANTI-LUZ DE CARRETERA",Activa,,S. de R.L. de C.V.,2021E08005  MX,2022P05972 MX
213,"Olivares y Compañía, S.C.",PENDIENTE,2023,2022,Patente,MX/a/2023/001760,SISTEMA Y MÉTODO PARA LA CONDUCCIÓN SEGURA BASADO EN EL CONTENIDO DE ALCOHOL EN SANGRE DE LOS CONDUCTORES,Activa,,S. de R.L. de C.V.,2021E07684  MX,2022P05969  MX
214,"Olivares y Compañía, S.C.",PENDIENTE,2023,2022,Patente,MX/a/2023/001773,SISTEMA Y MÉTODO PARA MEJORAR LAS EXPLICACIONES DE MAPAS DE PROMINENCIA MEDIANTE EL USO DE FUNCIONES INTEGRADAS DE APRENDIZAJE,Activa,,S. de R.L. de C.V.,2021E05918  MX,2022P05973 MX
215,"Olivares y Compañía, S.C.",ABANDONADA,2023,2022,Patente,MX/a/2023/001787,SISTEMA ANTICOLISIÓN BASADO EN SEÑAL DE ADVERTENCIA TRANSMITIDA,Activa,,S. de R.L. de C.V.,2021E08002  MX,2022P05975 MX
216,"Olivares y Compañía, S.C.",ABANDONADA,2023,2022,Patente,MX/a/2023/001841,SISTEMA DE ASISTENCIA VISUAL PARA DELIMITAR LÍMITES DE TRÁNSITO,Activa,,S. de R.L. de C.V.,2022E00382  MX,2022P05974 MX
217,"Olivares y Compañía, S.C.",PENDIENTE,2023,2022,Patente,MX/a/2023/001842,SISTEMA DE ALERTA Y MEDICIÓN DE DISTANCIA SEGURA EN CONDICIONES DE BAJA VISIBILIDAD,Activa,,S. de R.L. de C.V.,2022E00383  MX,2022P05976 MX
218,"Olivares y Compañía, S.C.",ABANDONADA,2023,2022,Patente,MX/a/2023/001843,SISTEMA DE ASISTENCIA DE NAVEGACIÓN VISUAL PARA MEJORAR LA EXPERIENCIA DE CONDUCCIÓN,Activa,,S. de R.L. de C.V.,2022E00820  MX,2022P05977 MX
219,"Olivares y Compañía, S.C.",ABANDONADA,2023,2022,Patente,MX/a/2023/002495,SISTEMA IONIZADOR DE AIRE PARA PORTAEQUIPAJE DE VEHÍCULO,Activa,,S. de R.L. de C.V.,2020E04779  MX,2023P00914  MX
220,"Olivares y Compañía, S.C.",PENDIENTE,2023,2023,Patente,MX/a/2023/015053,ARRANQUE SEGURO ANTI-NIÑOS PARA VEHÍCULOS,Activa,,S. de R.L. de C.V.,2022E00372MX,2023P06532 MX 
221,"Olivares y Compañía, S.C.",PENDIENTE,2023,2023,Patente,MX/a/2023/015054,ESTABILIZADOR DE CAMILLA DE AMBULANCIA,Activa,,S. de R.L. de C.V.,2017E09363MX,2023P06558 MX
222,"Olivares y Compañía, S.C.",PENDIENTE,2023,2023,Patente,MX/a/2023/015055,SISTEMA DE CARGA ENTRE VEHÍCULOS ELÉCTRICOS,Activa,,S. de R.L. de C.V.,2018E09576MX,2023P06560 MX
223,"Olivares y Compañía, S.C.",PENDIENTE,2023,2023,Patente,MX/a/2023/015056,SISTEMA DE CONTROL DE PARABRISAS FOTOSENSIBLE,Activa,,S. de R.L. de C.V.,2020E06053MX,2023P06561 MX
224,"Olivares y Compañía, S.C.",PENDIENTE,2023,2023,Patente,MX/a/2023/015058,MONITOREO DE ESPEJO DE VEHÍCULO CON TECNOLOGÍA DE FIBRA ÓPTICA,Activa,,S. de R.L. de C.V.,2021E07473MX,2023P06515 MX
225,"Olivares y Compañía, S.C.",PENDIENTE,2023,2023,Patente,MX/a/2023/015059,LLAVE DE VEHÍCULO DESCONECTABLE Y CONECTABLE,Activa,,S. de R.L. de C.V.,2022E03066MX,2023P06527 MX
226,"Olivares y Compañía, S.C.",PENDIENTE,2023,2023,Patente,MX/a/2023/015060,SISTEMA DE DIAGNÓSTICO DE FALLA DE TREN MOTRIZ,Activa,,S. de R.L. de C.V.,2018E09456MX,2023P06526 MX
227,"Olivares y Compañía, S.C.",PENDIENTE,2023,2023,Patente,MX/a/2023/015061,ALERTA DE AVANCE DE TRÁFICO,Activa,,S. de R.L. de C.V.,2018E08233MX,2023P06568 MX
228,"Olivares y Compañía, S.C.",PENDIENTE,2023,2023,Patente,MX/a/2023/015062,SISTEMA DE AIRE ACONDICIONADO DE VEHÍCULOS ADAPTATIVO SEGÚN EL DESTINO,Activa,,S. de R.L. de C.V.,2018E09760MX,2023P06569 MX
229,"Olivares y Compañía, S.C.",PENDIENTE,2023,2023,Patente,MX/a/2023/015063,SISTEMA ANTIRROBO PARA VEHÍCULOS PROGRAMABLE POR EL USUARIO FINAL,Activa,,S. de R.L. de C.V.,2020E05372MX,2023P06565 MX
230,"Olivares y Compañía, S.C.",PENDIENTE,2024,2023,Patente,MX/a/2024/003835,SISTEMA DE CALIBRACIÓN PARA AMPLIFICADOR DE POTENCIA DE AUDIO EN VEHÍCULOS,Activa,,S. de R.L. de C.V.,2018E07390MX ,2024P00573 MX
231,"Olivares y Compañía, S.C.",PENDIENTE,2024,2023,Patente,MX/a/2024/003836,SISTEMA DE INTERCONEXIÓN MEDIANTE ETIQUETAS RFID EN NEUMATICOS,Activa,,S. de R.L. de C.V.,2020E06117MX,2023P06570 MX
232,"Olivares y Compañía, S.C.",PENDIENTE,2024,2023,Patente,MX/a/2024/003837,SISTEMA DE CONTROL DE IMPACTO DE UN OCUPANTE EN CASO DE ACCIDENTE,Activa,,S. de R.L. de C.V.,2019E00252MX,2023P06566 MX
233,"Olivares y Compañía, S.C.",PENDIENTE,2024,2023,Patente,MX/a/2024/003838,INDICADOR DE GARANTÍA DE PIEZAS DE VEHÍCULOS,Activa,,S. de R.L. de C.V.,2019E01220MX,2023P06563 MX
234,"Olivares y Compañía, S.C.",PENDIENTE,2024,2023,Patente,MX/a/2024/003839,SISTEMA Y MÉTODO DE ALERTA DE SEGURIDAD RELATIVO A COMPORTAMIENTO DE CONDUCCIÓN PELIGROSO,Activa,,S. de R.L. de C.V.,2021E06417MX,2023P06562 MX
235,"Olivares y Compañía, S.C.",PENDIENTE,2024,2023,Patente,MX/a/2024/003843,SISTEMA PARA LA INSPECCIÓN DE CALIDAD DE LOS NEUMÁTICOS BASADO EN UN MODELO DE INTELIGENCIA ARTIFICIAL,Activa,,S. de R.L. de C.V.,2022E07293MX,2023P06530 MX
236,"Olivares y Compañía, S.C.",PENDIENTE,2024,2023,Patente,MX/a/2024/003844,CONVERTIDOR RESONANTE BIDIRECCIONAL PARA CARGA DE BATERIAS EN VEHÍCULOS,Activa,,S. de R.L. de C.V.,2018E06917MX,2023P06525 MX
237,"Olivares y Compañía, S.C.",PENDIENTE,2024,2023,Patente,MX/a/2024/003845,SISTEMA Y MÉTODO DE EMULACIÓN DE ALMACENAMIENTO SEGURO,Activa,,S. de R.L. de C.V.,2021E02595MX,2023P06514 MX
238,"Olivares y Compañía, S.C.",PENDIENTE,2024,2023,Patente,MX/a/2024/007399,SISTEMA DE ALARMA DE IMPERFECCIONES EN LA CARRETERA PARA VEHICULO,Activa,,S. de R.L. de C.V.,2020E03010MX,2024P02982 MX
239,"Olivares y Compañía, S.C.",PENDIENTE,2024,2023,Patente,MX/a/2024/007400,SISTEMA DE FRENOS ACTIVADO POR SISTEMA DE SEGURIDAD REMOTO,Activa,,S. de R.L. de C.V.,2019E07758MX,2024P02912  MX
240,"Olivares y Compañía, S.C.",PENDIENTE,2024,2023,Patente,MX/a/2024/007401,SISTEMA DE CONTROL EN MOTOS PARA EVITAR CAÍDAS HACIA ATRÁS,Activa,,S. de R.L. de C.V.,2018E05874MX,2024P02911 MX
241,"Olivares y Compañía, S.C.",PENDIENTE,2024,2023,Patente,MX/a/2024/007402,MÉTODO DE AUTOCALIBRACIÓN DE RADAR EN INTERSECCIÓN INTELIGENTE,Activa,,S. de R.L. de C.V.,2020E00348MX,2024P02909 MX
242,"Olivares y Compañía, S.C.",PENDIENTE,2024,2024,Patente,MX/a/2024/014670,SISTEMA DE BLOQUEO DE CERRADURA DE COMPARTIMENTO DE VEHÍCULO,Activa,,S. de R.L. de C.V.,2023E08121  MX,2024P04460 MX
243,"Olivares y Compañía, S.C.",PENDIENTE,2024,2024,Patente,MX/a/2024/014671,SISTEMA Y MÉTODO DE INTERSECCIÓN INTELIGENTE PARA EL DISEÑO O PLANEACIÓN URBANA,Activa,,S. de R.L. de C.V.,2022E06316  MX,2024P04454 MX
244,"Olivares y Compañía, S.C.",PENDIENTE,2024,2024,Patente,MX/a/2024/014672,SISTEMA Y MÉTODO DE INTERSECCIÓN INTELIGENTE PARA LA GENERACIÓN DE UN ENTORNO DE REALIDAD VIRTUAL,Activa,,S. de R.L. de C.V.,2022E06315  MX,2024P04453 MX
245,"Olivares y Compañía, S.C.",PENDIENTE,2024,2024,Patente,MX/a/2024/014673,RED DE ÁREA DE CONTROLADOR (CAN) DE ALTA VELOCIDAD PARA VEHÍCULOS UTILIZANDO TECNOLOGIA DE COMUNICACIÓN POR LUZ (LiFi),Activa,,S. de R.L. de C.V.,2022E03463  MX,2024P04461 MX
246,"Olivares y Compañía, S.C.",PENDIENTE,2024,2024,Patente,MX/a/2024/014674,SISTEMA DE VISUALIZACIÓN CABEZA ARRIBA EMPLEANDO EL PRINCIPIO DEL TELESCOPIO CASSEGRAIN,Activa,,S. de R.L. de C.V.,2019E01868  MX,2024P04459 MX
247,"Olivares y Compañía, S.C.",PENDIENTE,2024,2024,Patente,MX/a/2024/014675,SISTEMA DE ASIENTO AJUSTABLE ANTIRROBO PARA VEHÍCULOS,Activa,,S. de R.L. de C.V.,2017E08358  MX,2024P04457 MX
248,"Olivares y Compañía, S.C.",PENDIENTE,2024,2024,Patente,MX/a/2024/014676,SISTEMA Y MÉTODO DE ROTURA DE CRISTALES DE UN VEHÍCULO EN CASO DE INUNDACIÓN,Activa,,S. de R.L. de C.V.,2017E06823  MX,2024P04455 MX
249,"Olivares y Compañía, S.C.",PENDIENTE,2024,2024,Patente,MX/a/2024/014677,SISTEMA DE MONITOREO DE APRIETE DE RUEDAS EN VEHÍCULOS,Activa,,S. de R.L. de C.V.,2017E06047  MX,2024P04462 MX
250,"Olivares y Compañía, S.C.",PENDIENTE,2024,2024,Patente,MX/a/2024/014678,SISTEMA Y MÉTODO DE DETECCIÓN DE DEFECTOS EN UN NEUMÁTICO,Activa,,S. de R.L. de C.V.,2017E05666  MX,2024P04452 MX
251,"Olivares y Compañía, S.C.",PENDIENTE,2024,2024,Patente,MX/a/2024/014679,SISTEMA Y MÉTODO DE RECLINACIÓN DE ASIENTO EN CASO DE EMERGENCIA,Activa,,S. de R.L. de C.V.,2016E07356  MX,2024P04456 MX
252,"Olivares y Compañía, S.C.",PENDIENTE,2024,2024,Patente,MX/a/2024/014680,SISTEMA Y MÉTODO ANTI-AZOTE DE UNA PUERTA DE VEHÍCULO,Activa,,S. de R.L. de C.V.,2016E07135  MX,2024P04458 MX
253,"Olivares y Compañía, S.C.",PENDIENTE,2025,2024,Patente,MX/a/2025/003136 ,SISTEMA Y MÉTODO DE DETECCIÓN DE BACHES,Activa,,S. de R.L. de C.V.,2016E00386  MX,2024P04498 MX
254,"Olivares y Compañía, S.C.",PENDIENTE,2025,2024,Patente,MX/a/2025/003137,SISTEMA DE MONITOREO DISTRIBUIDO DE FLOTILLAS DE VEHÍCULOS EN TIEMPO REAL,Activa,,S. de R.L. de C.V.,2018E06649  MX,2024P04499 MX
255,"Olivares y Compañía, S.C.",PENDIENTE,2025,2024,Patente,MX/a/2025/003138,SISTEMA Y MÉTODO PARA DESHABILITAR UN VEHÍCULO ROBADO,Activa,,S. de R.L. de C.V.,2018E07947  MX,2024P04500 MX
256,"Olivares y Compañía, S.C.",PENDIENTE,2025,2024,Patente,MX/a/2025/003139,SISTEMA DE PROYECCIÓN PARA EVITAR PUNTOS CIEGOS EN EL PILAR A DE UN VEHÍCULO,Activa,,S. de R.L. de C.V.,2017E09754  MX,2024P04502 MX
257,"Olivares y Compañía, S.C.",PENDIENTE,2025,2024,Patente,MX/a/2025/003140,SISTEMA Y MÉTODO DE APRENDIZAJE Y ADAPTACIÓN DE SUSPENSIÓN DE UN VEHÍCULO,Activa,,S. de R.L. de C.V.,2018E07000  MX,2024P04503 MX
258,"Olivares y Compañía, S.C.",PENDIENTE,2025,2024,Patente,MX/a/2025/003141,SISTEMA DE ELEVACIÓN INTEGRAL PARA UN VEHÍCULO,Activa,,S. de R.L. de C.V.,2019E01357  MX,2024P04504 MX
259,"Olivares y Compañía, S.C.",PENDIENTE,2025,2024,Patente,MX/a/2025/003142,ESTACIÓN DE ACOPLAMIENTO INTELIGENTE PARA SISTEMAS DE INFOENTRETENIMIENTO DE BAJO COSTE EN VEHÍCULOS,Activa,,S. de R.L. de C.V.,2016E05389  MX,2024P04506 MX
260,"Olivares y Compañía, S.C.",PENDIENTE,2025,2024,Patente,MX/a/2025/003143,SISTEMA DE ASISTENCIA DE SEGURIDAD INTELIGENTE PARA VEHÍCULOS DE PASAJEROS,Activa,,S. de R.L. de C.V.,2015E01258  MX,2024P04507 MX
261,"Olivares y Compañía, S.C.",PENDIENTE,2025,2024,Patente,MX/a/2025/003144,SISTEMA CONTRA CONDUCCIÓN PELIGROSA,Activa,,S. de R.L. de C.V.,2018E07985  MX,2024P04508 MX
262,"Olivares y Compañía, S.C.",PENDIENTE,2025,2024,Patente,MX/a/2025/003145,SISTEMA DE BALANCEO DE SUPERFICIE PARA UN VEHÍCULO,Activa,,S. de R.L. de C.V.,2020E06793  MX,2024P04509 MX
263,"Olivares y Compañía, S.C.",PENDIENTE,2025,2024,Patente,MX/a/2025/003146,SISTEMA DE INSPECCIÓN DE NEUMÁTICOS PARA UN VEHÍCULO,Activa,,S. de R.L. de C.V.,2020E04243  MX,2024P04668 MX
264,"Olivares y Compañía, S.C.",PENDIENTE,2025,2025,Patente,MX/a/2025/007955,SISTEMA DE AUTOPOSICIONAMIENTO DE ESPEJOS LATERALES,Activa,,S. de R.L. de C.V.,2025E01731  MX,2025P02100 MX
265,"Olivares y Compañía, S.C.",PENDIENTE,2025,2025,Patente,MX/a/2025/007956,SISTEMA DE DETECCIÓN Y LOCALIZACIÓN DE VEHÍCULOS MEDIANTE COMUNICACIÓN DE BAJA FRECUENCIA,Activa,,S. de R.L. de C.V.,2017E00411  MX,2025P01951 MX
266,"Olivares y Compañía, S.C.",PENDIENTE,2025,2025,Patente,MX/a/2025/007957,SISTEMA DE MONITOREO MÉDICO EN UN VEHÍCULO,Activa,,S. de R.L. de C.V.,2017E08892  MX,2025P01950 MX
267,"Olivares y Compañía, S.C.",PENDIENTE,2025,2025,Patente,MX/a/2025/007958,SISTEMA ANTIRROBO AVANZADO QUE UTILIZA CONECTIVIDAD V2X Y 5G,Activa,,S. de R.L. de C.V.,2020E03896  MX,2025P01949 MX
268,"Olivares y Compañía, S.C.",PENDIENTE,2025,2025,Patente,MX/a/2025/007959,SISTEMA DE VIGILANCIA DE CABINA DE VEHÍCULO,Activa,,S. de R.L. de C.V.,2019E06984  MX,2025P01948 MX
269,"Olivares y Compañía, S.C.",PENDIENTE,2025,2025,Patente,MX/a/2025/007960,INTERRUPTOR DE BATERÍA PARA VEHÍCULO DE CARGA,Activa,,S. de R.L. de C.V.,2024E00869  MX,2025P01947 MX
270,"Olivares y Compañía, S.C.",PENDIENTE,2025,2025,Patente,MX/a/2025/007961,SISTEMA DE DETECCIÓN DE IMPERFECCIONES EN NEUMÁTICOS,Activa,,S. de R.L. de C.V.,2024E01177  MX,2025P01946  MX
271,"Olivares y Compañía, S.C.",PENDIENTE,2025,2025,Patente,MX/a/2025/007962,SISTEMA DE ETIQUETAS DIGITALES PARA UNIDADES DE CONTROL ELECTRÓNICO AUTOMOTRICES,Activa,,S. de R.L. de C.V.,2022E05180  MX,2025P01945  MX
272,"Olivares y Compañía, S.C.",PENDIENTE,2025,2025,Patente,MX/a/2025/007963,SISTEMA DE MONITOREO DE INFRACCIONES VEHICULARES,Activa,,S. de R.L. de C.V.,2021E00634  MX,2025P01944  MX
273,"Olivares y Compañía, S.C.",PENDIENTE,2025,2025,Patente,MX/a/2025/007964,SISTEMA DE PANTALLA DE VISUALIZACIÓN FRONTAL ADAPTABLE PARA MEJORAR LA VISIBILIDAD,Activa,,S. de R.L. de C.V.,2019E00658  MX,2025P01943  MX
274,"Olivares y Compañía, S.C.",PENDIENTE,2025,2025,Patente,MX/a/2025/007965,SISTEMA DE DETECCIÓN Y ALERTA DE CONDICIONES EN CARRETERA PARA VEHÍCULOS ,Activa,,S. de R.L. de C.V.,2017E00062  MX,2025P01936  MX
275,"Olivares y Compañía, S.C.",PENDIENTE,2025,2025,Patente,MX/a/2025/007966,SISTEMA DE ADVERTENCIA DE FALLOS EN LUCES DE FRENO,Activa,,S. de R.L. de C.V.,2018E09887  MX,2025P01942  MX
276,"Olivares y Compañía, S.C.",PENDIENTE,2025,2025,Patente,MX/a/2025/007967,SISTEMA DE ALARMA DE VENTANAS DE VEHÍCULO,Activa,,S. de R.L. de C.V.,2018E08844  MX,2025P01941  MX
277,"Olivares y Compañía, S.C.",PENDIENTE,2025,2025,Patente,MX/a/2025/007968,ESPEJO PANORÁMICO ,Activa,,S. de R.L. de C.V.,2018E08338  MX,2025P01940  MX
278,"Olivares y Compañía, S.C.",PENDIENTE,2025,2025,Patente,MX/a/2025/007969,SISTEMA AUTOMATIZADO DE SINTONIZACIÓN DE PROGRAMAS AM/FM PARA EL SISTEMA DE INFOENTRETENIMIENTO DEL VEHÍCULO,Activa,,S. de R.L. de C.V.,2018E07127  MX,2025P01939  MX
279,"Olivares y Compañía, S.C.",PENDIENTE,2025,2025,Patente,MX/a/2025/007970,DISPOSITIVO INTELIGENTE PARA LA MOVILIDAD SEGURA DE NIÑOS EN EL TRANSPORTE PÚBLICO,Activa,,S. de R.L. de C.V.,2017E09667  MX,2025P01938  MX
280,"Olivares y Compañía, S.C.",PENDIENTE,2025,2025,Patente,MX/a/2025/007971,MÉTODO Y DISPOSITIVO PARA LA GRABACIÓN DETERMINÍSTICA DE DATOS DE COLISIÓN EN VEHÍCULOS,Activa,,S. de R.L. de C.V.,2017E00259  MX,2025P01937  MX
281,"Olivares y Compañía, S.C.",PENDIENTE,2025,2025,Patente,MX/a/2025/007972,ENSAMBLE DE SEGURIDAD PARA NEUMÁTICO,Activa,,S. de R.L. de C.V.,2016E06823  MX,2025P01935  MX
282,"Olivares y Compañía, S.C.",PENDIENTE,2025,2025,Patente,MX/a/2025/007973,SISTEMA DE SEGURIDAD PARA DETECTAR OBJETOS EN LAS VENTANAS DE UN VEHÍCULO,Activa,,S. de R.L. de C.V.,2016E04632  MX,2025P01934  MX
283,"Olivares y Compañía, S.C.",PENDIENTE,2025,2025,Patente,MX/a/2025/007974,SISTEMA DE FRENOS AVANZADO PARA VEHÍCULOS,Activa,,S. de R.L. de C.V.,2024E02617  MX,2025P01933  MX
284,"Olivares y Compañía, S.C.",PENDIENTE,2025,2025,Patente,MX/a/2025/007975,SISTEMA DE PREVENCIÓN DE COLISIONES MENORES,Activa,,S. de R.L. de C.V.,2018E08044  MX,2025P01932  MX
285,"Olivares y Compañía, S.C.",PENDIENTE,2025,2025,Patente,MX/a/2025/007976,PERILLA GIRATORIA CON RETROALIMENTACIÓN,Activa,,S. de R.L. de C.V.,2025E01732  MX,2025P02099 MX
286,"Olivares y Compañía, S.C.",PENDIENTE,2025,2025,Patente,MX/a/2025/007977,SISTEMA PARA DETECTAR UN PASAJERO SOBRE UN ASIENTO DE UN VEHÍCULO,Activa,,S. de R.L. de C.V.,2019E05989  MX,2025P03245 MX
287,"Olivares y Compañía, S.C.",PENDIENTE,2025,2025,Patente,MX/a/2025/007978,PARASOL AUTOMÁTICO,Activa,,S. de R.L. de C.V.,2016E06321  MX,2025P03246 MX 
288,"Olivares y Compañía, S.C.",PENDIENTE,2025,2025,Patente,MX/a/2025/007979,SISTEMA DE ILUMINACIÓN AUXILIAR PARA VEHICULOS CON DETECCIÓN DE FALLOS Y COMPENSACIÓN ADAPTATIVA,Activa,,S. de R.L. de C.V.,2019E06865  MX,2025P03247 MX
289,"Olivares y Compañía, S.C.",PENDIENTE,2025,2025,Patente,MX/a/2025/007980,SISTEMA DE PREVENCIÓN DE ROBO DE MÓDULOS COMPUTADORA DE VEHÍCULOS,Activa,,S. de R.L. de C.V.,2020E04907  MX,2025P03248 MX 
